{
    "name":"CubeGeometry",
    "metadata":{
        "type":"Geometry",
        "colors":0,
        "vertices":8,
        "materials":1,
        "uvs":0,
        "generator":"io_three",
        "normals":6,
        "version":3,
        "faces":6
    },
    "faces":[35,2,0,1,3,0,0,0,0,0,35,3,7,6,2,0,1,1,1,1,35,7,5,4,6,0,2,2,2,2,35,0,4,5,1,0,3,3,3,3,35,0,2,6,4,0,4,4,4,4,35,5,7,3,1,0,5,5,5,5],
    "materials":[{
        "colorSpecular":[0.020299,0.5,0.037616],
        "DbgIndex":0,
        "vertexColors":false,
        "shading":"phong",
        "transparent":true,
        "blending":"NormalBlending",
        "visible":true,
        "DbgColor":15658734,
        "colorEmissive":[0,0,0],
        "DbgName":"glass",
        "specularCoef":10,
        "depthWrite":true,
        "opacity":0.5,
        "wireframe":false,
        "depthTest":true
    }],
    "normals":[-1,0,-0,0,-1,0,1,0,-0,0,1,0,0,0,1,0,-0,-1],
    "vertices":[3.9858,5.16998,-2.58073,3.9858,5.04603,-2.58073,3.9858,5.16998,2.36779,3.9858,5.04603,2.36779,-4.52845,5.16998,-2.58073,-4.52845,5.04603,-2.58073,-4.52845,5.16998,2.36779,-4.52845,5.04603,2.36779],
    "colors":[],
    "uvs":[]
}